{"root":[{"assemblyName":"ALINE","nameSpace":"","className":"__JobReflectionRegistrationOutput__2370016157","methodName":"EarlyInit","loadTypes":2,"isUnityClass":false},{"assemblyName":"ALINE","nameSpace":"","className":"$BurstDirectCallInitializer","methodName":"Initialize","loadTypes":2,"isUnityClass":false},{"assemblyName":"Coffee.SoftMaskForUGUI","nameSpace":"Coffee.UISoftMaskInternal","className":"UIExtraCallbacks","methodName":"InitializeOnLoad","loadTypes":1,"isUnityClass":false},{"assemblyName":"Coffee.SoftMaskForUGUI","nameSpace":"Coffee.UISoftMask","className":"SoftMaskUtils","methodName":"InitializeOnLoadMethod","loadTypes":1,"isUnityClass":false},{"assemblyName":"Unity.Collections","nameSpace":"","className":"__JobReflectionRegistrationOutput__1334423581","methodName":"EarlyInit","loadTypes":2,"isUnityClass":true},{"assemblyName":"Unity.Collections","nameSpace":"","className":"$BurstDirectCallInitializer","methodName":"Initialize","loadTypes":2,"isUnityClass":true},{"assemblyName":"Unity.RenderPipelines.Core.Runtime","nameSpace":"UnityEngine.Experimental.Rendering","className":"XRSystem","methodName":"XRSystemInit","loadTypes":3,"isUnityClass":true},{"assemblyName":"Unity.RenderPipelines.Core.Runtime","nameSpace":"UnityEngine.Rendering","className":"DebugUpdater","methodName":"RuntimeInit","loadTypes":0,"isUnityClass":true},{"assemblyName":"Unity.RenderPipelines.Universal.Runtime","nameSpace":"","className":"__JobReflectionRegistrationOutput__3303281154","methodName":"EarlyInit","loadTypes":2,"isUnityClass":true},{"assemblyName":"Unity.VisualScripting.Core","nameSpace":"Unity.VisualScripting","className":"RuntimeVSUsageUtility","methodName":"RuntimeInitializeOnLoadBeforeSceneLoad","loadTypes":1,"isUnityClass":true}]}
